metric,train,validation,test
AUC,0.8998765863998672,0.88346769635876,0.8676998704253596
Precision,0.9678568777373617,0.9513064133016627,0.9485962014863749
Recall,0.6939043428895827,0.6820891285835935,0.6520505179509011
F1-Score,0.8082991496264763,0.7945114895023971,0.772853418551846
